Height,MINUTES_PLAYED,FIELD_GOALS_MADE,THREE_POINTS_MADE,TWO_POINTS_MADE,FREE_THROWS_MADE,TOTAL_REBOUNDS,ASSISTS,TURNOVERS,STEALS,BLOCKS,FOULS,POINTS
72,1047,135,40,95,64,166,46,58,53,31,53,374
68,903,204,60,144,149,226,79,62,76,3,98,617
68,854,132,28,104,66,163,61,84,65,3,87,358
73,576,136,8,128,71,204,38,53,11,10,63,351
68,658,172,4,168,51,187,29,25,29,5,72,399
70,844,121,70,51,84,91,49,60,30,5,43,396
73,735,141,7,134,49,232,14,62,24,53,81,338
70,743,86,19,67,118,133,60,68,44,7,76,309
74,465,39,0,39,24,98,39,38,28,32,74,102
67,814,104,17,87,68,105,94,78,54,11,87,293
66,713,146,36,110,57,124,105,96,72,2,93,385
72,1117,189,36,153,125,115,61,65,41,9,50,539
74,922,78,36,42,39,239,79,57,25,64,62,231
69,935,91,14,77,45,208,89,86,62,14,91,241
73,960,142,1,141,91,252,38,98,38,1,86,376
78,910,186,11,175,58,254,30,62,23,88,75,441
69,814,114,10,104,76,142,97,64,37,6,57,314
64,867,163,69,94,65,77,90,84,28,3,64,460
69,801,97,31,66,54,111,70,70,65,9,74,279
68,914,123,83,40,38,73,184,73,39,1,41,367
73,826,219,10,209,91,261,60,69,36,12,79,539
71,996,198,86,112,116,176,80,76,34,5,82,598
73,920,144,31,113,79,211,63,79,25,36,56,398
72,936,71,65,6,11,96,73,29,23,12,89,218
74,491,79,6,73,46,141,25,51,13,42,62,210
74,744,72,23,49,20,145,31,39,33,34,48,187
66,792,48,14,34,58,99,86,74,37,8,71,168
73,518,95,4,91,80,160,22,42,20,4,25,274
66,965,188,76,112,99,47,51,79,36,4,38,551
64,859,124,80,44,48,55,62,63,33,5,58,376
73,1095,98,7,91,62,215,110,94,51,10,69,265
77,797,122,0,122,55,203,22,49,12,37,67,299
76,694,110,0,110,48,156,28,57,16,30,85,268
74,941,153,6,147,45,298,46,41,34,21,69,357
68,1056,210,63,147,77,220,97,92,73,6,77,560
75,619,59,0,59,54,126,18,57,29,26,53,172
66,1038,128,65,63,48,112,153,135,45,7,84,369
70,919,102,16,86,30,200,52,57,74,17,63,250
69,848,56,10,46,74,133,99,48,46,13,92,196
68,796,93,2,91,46,107,34,87,67,14,67,234
73,578,127,1,126,60,158,15,54,21,28,72,315
69,990,170,40,130,115,224,158,115,48,8,82,495
70,669,132,22,110,73,142,74,62,29,8,49,359
72,902,105,21,84,50,218,26,75,39,15,72,281
69,976,123,37,86,34,122,114,79,46,6,63,317
76,577,95,0,95,48,202,15,85,26,48,87,238
72,1003,84,13,71,41,248,64,70,32,15,75,222
73,889,96,3,93,44,245,41,48,29,32,85,239
70,1044,143,52,91,127,124,102,118,42,5,71,465
73,865,107,25,82,61,222,46,56,36,32,100,300
66,948,185,18,167,93,158,66,87,40,6,67,481
68,857,118,31,87,99,155,77,62,49,7,75,366
71,719,117,0,117,28,184,19,64,30,48,65,262
74,842,114,7,107,69,194,63,91,33,45,77,304
68,932,137,66,71,53,74,74,74,42,3,50,393
67,1042,110,16,94,35,112,152,65,104,15,45,271
73,856,215,33,182,108,232,66,62,30,18,58,571
73,885,160,64,96,54,193,68,45,23,21,59,438
70,838,102,10,92,34,142,101,93,60,11,63,248
68,1090,124,56,68,78,140,84,55,53,8,82,382
71,871,230,60,170,117,264,54,95,52,21,100,637
69,752,138,19,119,54,98,63,72,62,9,92,349
69,935,101,18,83,64,63,71,58,47,7,48,284
69,1016,156,53,103,81,152,119,55,49,9,64,446
68,823,98,20,78,27,161,148,53,60,5,34,243
74,969,148,44,104,48,246,142,93,25,15,59,388
68,874,100,17,83,66,103,91,88,39,4,76,283
66,934,104,12,92,75,143,189,100,97,1,76,295
72,1088,332,168,164,188,234,282,151,55,17,61,1020
66,892,98,24,74,40,126,104,73,37,2,54,260
68,972,95,20,75,97,92,98,68,25,1,38,307
67,728,69,22,47,24,79,93,37,21,2,39,184
72,914,105,33,72,49,98,141,54,40,13,52,292
74,886,170,17,153,108,312,32,106,19,9,85,465
67,678,44,23,21,26,51,106,60,23,0,47,137
66,1047,92,64,28,47,75,92,62,44,9,57,295
78,303,28,0,28,3,77,11,21,10,19,55,59
67,872,133,55,78,44,127,29,41,37,2,52,365
74,621,79,0,79,69,194,32,56,19,44,43,227
72,1027,108,19,89,7,166,46,41,21,19,61,242
71,976,105,14,91,120,235,81,82,29,17,64,344
71,912,160,38,122,94,136,42,63,25,13,67,452
72,876,152,40,112,69,206,78,57,29,15,53,413
68,778,88,58,30,63,60,111,38,16,2,26,297
71,958,140,26,114,86,179,142,79,47,16,69,392
70,863,132,79,53,58,61,67,61,33,9,52,401
66,974,173,31,142,95,114,168,125,22,3,70,472
64,764,93,8,85,62,121,108,84,39,2,65,256
71,909,141,38,103,102,204,53,50,40,20,44,422
68,971,135,24,111,87,169,107,117,61,4,50,381
70,995,206,10,196,99,247,105,81,74,29,88,521
72,914,162,9,153,77,171,68,59,73,13,62,410
63,951,115,55,60,65,62,68,65,28,0,57,350
71,852,100,22,78,41,90,83,53,41,11,71,263
76,913,112,28,84,59,200,40,64,23,73,94,311
74,303,49,2,47,16,125,8,23,10,26,52,116
74,799,188,12,176,83,222,24,45,19,35,54,471
66,1007,82,22,60,56,77,118,56,27,3,49,242
74,871,178,35,143,70,145,68,50,22,27,42,461
70,734,156,27,129,85,137,95,64,46,3,43,424
74,616,100,15,85,29,198,29,44,22,11,89,244
67,1050,125,60,65,92,108,58,56,30,1,95,402
70,933,84,36,48,45,70,105,51,47,7,32,249
74,715,114,47,67,65,237,29,59,29,33,82,340
68,991,249,27,222,155,135,128,98,50,13,53,680
74,849,102,57,45,19,109,49,64,20,19,66,280
68,795,168,21,147,61,69,45,89,56,2,103,418
72,892,92,26,66,45,206,34,66,46,17,83,255
75,737,214,4,210,103,221,31,70,11,16,63,535
80,943,161,0,161,82,381,60,84,21,39,59,404
68,922,181,29,152,143,70,138,104,60,2,60,534
74,808,94,0,94,57,260,51,103,51,6,79,245
75,796,124,0,124,41,185,24,45,24,40,66,289
67,1067,134,29,105,66,73,67,39,30,2,44,363
68,972,143,63,80,49,143,148,108,60,11,69,398
75,743,90,0,90,55,230,17,66,19,18,65,235
74,773,92,0,92,71,250,20,33,25,25,100,255
68,922,157,65,92,75,142,81,64,52,2,66,454
68,756,163,1,162,64,204,58,41,36,3,38,391
76,561,72,0,72,33,132,3,41,19,28,70,177
77,711,104,3,101,83,194,27,36,28,79,66,294
75,783,116,1,115,43,213,33,82,23,57,65,276
75,712,132,2,130,82,210,54,59,31,51,75,348
73,1003,86,41,45,11,138,64,48,63,14,70,224
72,976,121,62,59,56,143,50,52,56,15,62,360
67,815,133,71,62,44,71,77,66,33,2,56,381
76,801,76,0,76,40,154,40,70,25,44,83,192
70,902,111,24,87,48,167,91,82,80,15,111,294
73,802,113,25,88,54,222,28,125,44,15,100,305
64,1010,109,24,85,49,159,122,86,59,3,61,291
72,670,81,11,70,31,172,37,69,35,39,70,204
69,1139,88,10,78,108,128,104,64,57,13,63,294
66,676,145,59,86,70,136,42,48,41,1,67,419
76,776,113,13,100,52,225,29,47,16,35,77,291
72,941,112,68,44,51,164,66,33,41,21,48,343
71,906,101,1,100,53,226,72,73,46,7,86,256
72,850,87,23,64,13,70,112,46,23,6,43,210
65,1099,102,51,51,69,96,156,73,53,5,59,324
67,792,55,16,39,42,87,50,87,56,0,92,168
79,675,152,1,151,78,260,60,45,16,71,52,383
74,948,108,54,54,35,337,47,54,41,34,63,305
69,866,126,68,58,42,151,84,41,39,7,84,362
72,666,58,20,38,13,83,32,31,53,14,64,149
71,860,113,38,75,41,123,103,72,70,28,84,305
74,873,91,49,42,21,296,74,48,39,28,62,252
72,934,205,41,164,82,199,93,92,62,15,79,533
65,1025,133,34,99,65,82,82,78,46,3,89,365
72,913,162,49,113,58,141,89,71,37,9,65,431
69,882,189,39,150,105,127,70,82,42,11,69,522
75,827,93,13,80,33,204,38,50,26,33,90,232
71,722,80,18,62,64,206,74,28,36,15,52,242
74,785,90,0,90,50,265,34,66,36,87,72,230
67,911,57,14,43,34,132,98,77,38,6,48,162
73,811,136,28,108,113,152,78,70,36,7,58,413
74,978,196,1,195,71,331,12,42,47,83,73,464
69,788,117,35,82,64,128,107,100,50,29,91,333
69,728,61,12,49,40,81,105,80,30,0,39,174
76,261,32,0,32,9,62,11,22,8,25,32,73
74,822,89,44,45,78,175,52,64,46,12,46,300
78,669,124,3,121,83,196,19,59,18,41,92,334
67,1230,139,53,86,88,274,150,67,62,8,50,419
63,1029,112,29,83,52,90,197,81,26,1,46,305
75,875,249,2,247,96,353,67,71,19,19,94,596
69,971,73,21,52,48,65,145,51,50,7,61,215
74,768,126,12,114,102,198,59,51,23,30,47,366
70,849,124,29,95,43,165,112,75,51,5,67,320
78,631,198,1,197,80,201,19,30,25,68,55,477
67,959,95,36,59,40,83,36,30,52,0,46,266
70,940,162,76,86,42,144,81,45,38,6,59,442
65,1003,150,38,112,53,119,56,59,39,4,41,391
75,526,118,0,118,48,171,19,51,8,8,55,284
72,804,143,86,57,73,91,30,31,26,9,52,445
73,694,107,33,74,38,125,38,51,32,33,74,285
69,1023,149,47,102,139,153,88,85,47,6,73,484
76,700,88,18,70,36,136,25,45,16,29,43,230
69,967,189,13,176,124,155,62,81,31,10,84,515
77,596,101,0,101,33,212,18,54,14,47,61,235
69,983,188,56,132,76,151,89,77,34,7,70,508
72,862,155,20,135,88,172,56,65,26,30,61,418
69,943,173,55,118,107,172,50,80,43,0,51,508
67,971,122,31,91,63,137,66,92,51,5,56,338
68,1103,64,39,25,50,69,114,75,42,34,79,217
71,829,82,46,36,10,161,39,33,30,31,61,220
68,848,148,31,117,41,87,58,83,48,2,76,368
68,989,192,33,159,128,128,83,90,53,3,61,545
74,728,105,1,104,38,285,33,79,18,3,62,249
69,999,159,46,113,90,112,66,95,48,2,43,454
73,564,52,0,52,27,93,32,47,23,28,62,131
73,547,86,1,85,52,183,24,55,19,30,64,225
75,861,184,1,183,167,367,66,68,51,25,73,536
69,840,84,33,51,54,137,96,68,40,8,56,255
66,995,140,39,101,110,126,161,87,92,1,74,429
67,896,120,60,60,30,61,50,57,49,3,78,330
65,977,122,48,74,57,130,126,100,61,2,80,349
65,961,151,56,95,103,116,55,88,48,2,39,461
70,874,63,18,45,48,195,54,48,56,20,84,192
75,865,136,1,135,98,190,35,62,30,59,83,371
67,932,175,59,116,58,143,162,87,54,8,59,467
78,464,62,0,62,18,112,14,33,10,49,65,142
71,903,135,24,111,115,165,68,156,58,10,78,409
75,718,101,0,101,55,148,18,67,13,29,79,257
65,975,138,49,89,81,89,62,62,41,4,58,406
75,738,116,4,112,44,155,30,50,18,46,82,280
66,987,106,36,70,59,96,98,81,27,8,56,307
71,955,136,60,76,36,92,55,53,29,10,57,368
73,726,120,6,114,72,209,25,56,28,20,59,318
74,1004,154,20,134,151,179,171,108,41,20,86,479
68,974,164,28,136,117,142,65,72,38,6,72,473
74,901,151,0,151,72,244,43,83,49,44,82,374
67,865,150,38,112,108,112,141,113,40,0,48,446
74,625,94,13,81,44,154,77,56,27,16,63,245
66,701,98,19,79,44,78,91,64,53,5,36,259
65,954,115,24,91,79,98,71,78,53,1,67,333
75,810,121,60,61,44,207,40,46,6,11,40,346
68,1089,198,65,133,138,110,40,71,59,2,51,599
71,774,102,56,46,67,176,29,48,29,3,68,327
68,987,155,24,131,91,63,48,70,27,4,72,425
65,872,96,16,80,50,118,65,83,58,6,58,258
70,892,172,9,163,80,205,56,52,27,12,39,433
73,750,137,1,136,77,252,22,66,36,60,83,352
79,582,54,0,54,30,108,27,32,8,48,51,138
67,844,137,16,121,112,100,151,72,67,3,78,402
74,480,40,1,39,34,144,32,31,7,36,52,115
75,546,73,0,73,46,179,17,52,13,31,90,192
66,1037,135,44,91,106,127,162,83,77,4,58,420
70,790,124,15,109,40,106,92,76,62,4,78,303
73,1037,143,2,141,80,244,50,70,26,16,66,368
70,1008,120,48,72,68,238,113,98,32,7,70,356
78,995,278,2,276,103,330,52,62,17,60,50,661
75,954,186,1,185,127,254,56,114,51,24,113,500
68,971,123,62,61,36,84,99,91,29,4,73,344
68,850,155,88,67,35,64,48,86,36,12,71,433
68,1075,104,82,22,81,95,87,47,53,6,70,371
72,816,124,13,111,82,162,47,30,52,16,68,343
76,617,62,0,62,25,176,11,45,25,54,65,149
67,1086,222,62,160,109,179,102,96,61,5,78,615
71,884,117,44,73,21,97,110,75,44,21,71,299
76,712,91,5,86,65,201,9,58,22,63,116,252
70,683,68,19,49,45,68,81,44,27,5,72,200
67,664,45,24,21,14,77,76,43,48,2,47,128
67,821,67,21,46,17,89,54,50,52,4,54,172
67,881,54,16,38,19,152,84,42,35,5,41,143
67,809,80,4,76,90,110,52,86,67,1,87,254
74,919,206,0,206,93,261,32,77,27,15,58,505
69,1109,142,38,104,124,146,111,92,42,6,55,446
75,829,101,29,72,49,232,42,72,27,5,57,280
72,844,74,23,51,10,107,104,76,24,12,64,181
75,1090,176,2,174,110,221,81,80,35,21,42,464
75,872,141,2,139,59,274,20,58,20,17,82,343
64,1023,98,52,46,53,86,119,72,63,1,62,301
72,810,104,1,103,50,151,95,66,36,10,53,259
68,1023,129,62,67,61,101,139,97,44,7,77,381
72,991,228,35,193,120,94,69,84,93,15,39,611
69,703,82,41,41,112,64,83,52,25,2,54,317
74,415,56,1,55,16,103,11,41,20,46,46,129
65,997,99,42,57,76,117,81,56,19,2,47,316
69,719,67,9,58,30,103,122,51,53,5,75,173
74,622,62,0,62,47,164,32,44,25,38,74,171
67,1052,164,7,157,109,168,99,132,53,2,102,444
67,915,51,32,19,20,63,121,52,13,1,55,154
75,857,143,0,143,114,151,41,82,9,26,71,400
71,622,96,4,92,64,141,43,72,48,18,86,260
63,916,104,49,55,40,96,93,73,20,6,71,297
68,722,59,2,57,26,85,71,66,59,11,53,146
73,768,118,8,110,152,260,30,60,38,25,73,396
69,912,78,54,24,21,51,77,24,24,13,49,231
69,704,95,0,95,37,117,40,58,44,3,58,227
74,902,246,50,196,124,209,78,62,28,26,62,666
66,1104,255,45,210,170,200,170,109,145,3,86,725
70,660,50,4,46,18,139,47,34,48,12,68,122
68,907,118,41,77,83,70,148,53,28,4,41,360
75,845,128,57,71,24,126,88,66,28,15,81,337
68,580,85,24,61,56,63,53,44,48,4,41,250
77,549,57,3,54,29,133,16,36,5,25,66,146
68,539,86,56,30,10,56,23,26,47,1,60,238
70,826,152,42,110,38,68,37,46,44,6,52,384
70,836,105,11,94,61,114,114,63,42,17,59,282
71,861,104,36,68,80,124,89,77,41,19,71,324
64,957,66,8,58,44,91,96,77,38,4,59,184
66,953,124,48,76,66,101,130,59,37,2,37,362
70,1006,189,65,124,61,108,91,54,24,7,59,504
73,840,51,0,51,61,260,27,43,34,24,52,163
67,713,137,19,118,88,75,60,66,54,3,35,381
73,828,133,0,133,49,216,44,61,20,9,53,315
68,527,65,16,49,31,113,37,52,55,1,82,177
75,565,41,0,41,22,112,8,20,8,34,53,104
70,878,128,26,102,72,225,94,80,66,33,84,354
69,815,129,81,48,13,88,33,77,18,1,60,352
70,941,23,9,14,11,76,143,62,16,8,68,66
65,1115,166,87,79,93,75,87,68,35,0,33,512
71,653,40,6,34,74,49,99,70,37,11,62,160
73,799,141,68,73,41,151,17,35,32,12,48,391
70,745,39,14,25,6,104,49,32,62,12,57,98
72,638,93,14,79,52,243,47,51,33,7,67,252
74,920,227,24,203,56,230,60,75,25,31,63,534
71,911,139,0,139,66,213,109,96,41,30,75,344
74,690,142,0,142,71,234,38,90,14,48,72,355
66,742,77,8,69,33,100,105,73,47,8,103,195
72,942,160,1,159,104,201,51,68,98,11,104,425
70,1002,132,25,107,43,184,140,104,121,9,64,332
70,956,123,1,122,103,147,83,83,42,14,105,350
73,887,123,7,116,49,227,20,62,31,25,78,302
70,979,202,29,173,175,115,149,124,23,8,58,608
73,853,109,20,89,29,170,59,48,32,34,47,267
68,779,114,5,109,89,157,66,63,54,5,58,322
66,980,138,56,82,76,91,99,75,37,4,72,408
69,773,113,4,109,45,135,39,57,39,25,64,275
65,1007,79,49,30,43,91,125,95,38,0,66,250
65,670,26,2,24,38,84,113,60,43,3,51,92
71,577,32,13,19,10,62,14,24,21,29,26,87
67,901,129,47,82,80,129,54,78,52,4,62,385
77,371,45,0,45,12,59,3,34,4,32,41,102
71,576,49,6,43,22,144,42,41,41,15,62,126
75,427,34,12,22,3,53,12,23,8,21,27,83
72,856,91,45,46,51,113,108,58,16,11,43,278
67,788,91,39,52,47,52,57,74,48,10,53,268
73,1065,169,12,157,118,275,33,86,49,56,84,468
73,778,125,0,125,49,241,24,79,23,44,78,299
68,1102,231,6,225,130,216,80,66,31,11,55,598
72,698,95,0,95,13,174,53,79,44,34,79,203
66,971,154,21,133,123,262,82,66,43,1,64,452
65,628,145,55,90,40,97,55,36,75,1,23,385
64,885,100,24,76,39,104,75,111,72,5,82,263
69,782,67,22,45,29,68,80,96,61,11,57,185
65,967,157,45,112,89,119,65,59,40,3,60,448
66,948,106,33,73,44,120,96,57,48,2,72,289
63,984,143,77,66,108,77,52,62,36,3,30,471
73,983,165,11,154,135,288,33,85,27,22,58,476
75,984,171,33,138,50,272,51,66,45,33,87,425
68,669,53,10,43,75,73,111,89,25,3,50,191
66,599,90,26,64,95,127,92,60,49,4,73,301
71,846,117,23,94,95,85,38,72,30,3,80,352
69,1072,128,42,86,75,187,137,86,111,7,80,373
71,1013,66,38,28,30,160,56,43,35,11,40,200
74,834,135,71,64,27,202,33,31,13,37,65,368
74,976,119,46,73,42,156,60,44,46,49,65,326
75,793,108,5,103,35,223,20,53,18,14,107,256
69,859,82,32,50,20,81,98,42,10,2,48,216
71,772,67,20,47,26,209,43,50,23,12,52,180
63,783,76,27,49,93,65,99,94,64,1,57,272
75,538,57,3,54,33,116,36,36,14,32,65,150
74,583,53,0,53,38,128,10,34,15,33,70,144
75,755,184,1,183,67,152,44,51,25,34,79,436
69,693,88,35,53,49,92,107,91,30,6,74,260
69,996,134,47,87,96,154,116,92,61,10,73,411
76,837,177,8,169,118,305,23,102,19,77,72,480
65,718,146,30,116,114,114,109,80,59,2,58,436
72,721,137,0,137,93,220,42,97,45,41,99,367
70,932,148,75,73,43,68,32,54,22,3,43,414
74,826,203,0,203,101,237,52,74,28,56,68,507
70,926,150,59,91,72,177,53,79,61,4,72,431
68,1003,191,34,157,124,136,102,102,56,10,82,540
69,1130,149,59,90,73,91,92,84,24,1,28,430
73,808,178,58,120,39,150,45,47,41,40,58,453
75,609,78,0,78,33,200,15,36,22,34,56,189
74,785,143,0,143,63,229,28,71,29,20,87,349
67,1025,139,43,96,97,86,139,69,37,5,69,418
65,978,67,9,58,35,87,109,97,68,2,121,178
76,750,163,0,163,68,236,31,50,21,38,41,394
67,873,74,33,41,49,107,94,105,32,6,53,230
74,668,50,0,50,29,154,22,25,18,26,50,129
69,993,189,36,153,122,103,84,110,67,15,88,536
69,1036,124,46,78,104,108,86,109,40,2,55,398
78,749,98,6,92,53,170,46,59,24,43,88,255
74,860,82,13,69,65,208,68,73,22,20,90,242
74,853,128,15,113,73,194,72,78,56,14,93,344
72,746,99,32,67,38,99,30,43,50,13,105,268
71,988,155,104,51,34,94,39,44,59,15,50,448
69,866,86,35,51,27,126,163,115,32,9,70,234
72,884,186,0,186,98,225,61,92,44,16,80,470
69,738,86,36,50,17,75,86,36,33,2,27,225
75,746,69,0,69,19,220,47,60,26,74,73,157
70,875,135,21,114,102,153,40,100,44,4,97,393
75,794,147,0,147,34,187,43,61,30,50,72,328
73,577,103,0,103,46,170,29,56,30,37,81,252
73,979,56,20,36,27,218,65,45,67,22,64,159
77,303,82,0,82,34,115,7,48,12,32,60,198
79,717,171,0,171,56,242,23,58,13,55,47,398
72,811,104,0,104,102,247,25,63,23,13,76,310
73,737,84,1,83,84,200,16,56,26,13,63,253
72,898,69,0,69,27,243,55,49,50,6,66,165
67,763,89,12,77,43,51,99,65,52,1,54,233
74,712,173,8,165,62,198,27,65,38,31,80,416
67,601,27,3,24,31,72,126,70,48,3,63,88
65,789,56,21,35,43,78,79,66,51,1,53,176
74,367,67,0,67,15,105,1,25,10,31,56,149
75,531,21,0,21,11,111,18,35,14,49,72,53
68,841,97,38,59,121,73,122,66,15,5,65,353
64,803,58,12,46,49,125,108,69,29,2,59,177
69,657,47,8,39,34,64,101,48,34,1,60,136
69,846,128,69,59,48,68,137,54,39,4,44,373
65,756,88,27,61,53,97,77,62,29,5,38,256
70,984,121,61,60,49,149,46,53,40,5,53,352
73,1179,243,1,242,58,490,58,101,15,8,88,545
64,988,120,38,82,61,118,103,54,45,0,28,339
69,1014,119,46,73,87,104,36,53,29,8,43,371
69,759,84,2,82,80,210,35,81,32,14,75,250
69,749,105,37,68,48,171,103,49,53,7,38,295
71,1007,204,62,142,72,173,45,69,48,9,92,542
73,670,82,0,82,28,143,19,44,22,31,82,192
70,824,137,24,113,108,129,88,83,54,5,91,406
69,881,112,77,35,58,71,37,36,20,6,38,359
70,825,75,0,75,25,318,29,37,38,21,81,175
67,972,162,46,116,76,90,100,60,47,5,79,446
69,946,62,28,34,49,107,52,34,56,8,43,201
73,935,150,5,145,91,235,70,82,38,24,75,396
70,961,109,44,65,66,136,87,75,63,11,71,328
66,811,30,12,18,34,130,100,60,36,4,63,106
73,737,91,3,88,87,213,19,87,22,10,79,272
67,862,149,70,79,85,78,40,95,15,7,55,453
68,1002,168,37,131,82,97,106,103,25,3,61,455
66,637,50,5,45,17,116,91,79,23,3,65,122
70,1002,113,69,44,51,167,42,55,44,20,81,346
66,1008,99,56,43,44,110,81,53,42,6,24,298
68,1184,136,32,104,66,139,169,125,43,4,37,370
67,970,133,44,89,77,119,165,92,31,3,77,387
75,758,165,14,151,65,306,65,80,33,82,60,409
72,959,193,28,165,121,206,44,86,31,3,67,535
70,891,145,16,129,124,213,50,65,29,10,65,430
68,984,175,40,135,124,194,76,145,55,24,93,514
73,829,199,4,195,65,301,53,73,42,7,96,467
73,634,55,4,51,28,123,23,40,56,20,87,142
69,1006,156,94,62,72,108,78,57,39,13,66,478
71,978,145,10,135,68,141,170,113,46,3,75,368
70,910,136,65,71,75,143,66,39,18,4,31,412
67,895,128,28,100,39,129,135,42,31,5,47,323
67,919,86,29,57,50,88,164,55,66,4,64,251
72,750,143,28,115,67,121,63,65,73,14,87,381
74,851,188,0,188,91,231,26,72,28,35,85,467
72,1121,100,65,35,16,196,70,54,31,6,70,281
70,899,130,59,71,35,109,77,46,28,1,47,354
77,922,183,0,183,61,293,31,68,21,50,73,427
67,906,93,25,68,67,116,88,53,33,2,69,278
64,664,47,23,24,34,113,124,82,22,1,31,151
68,1037,258,50,208,92,152,96,87,32,3,59,658
65,1094,219,107,112,115,142,104,59,67,6,15,660
73,654,77,2,75,36,190,15,36,60,27,92,192
70,578,127,31,96,70,92,70,54,54,22,70,355
67,1046,139,59,80,96,127,137,58,44,5,46,433
67,821,70,28,42,43,98,75,75,65,10,72,211
71,611,85,3,82,62,108,32,56,54,6,62,235
73,942,186,17,169,127,152,154,90,48,10,75,516
70,887,142,14,128,76,221,50,86,31,16,71,374
74,1006,186,51,135,82,187,78,97,23,33,78,505
70,821,103,79,24,12,92,34,37,40,2,66,297
73,857,129,0,129,87,274,40,56,56,17,88,345
75,786,161,0,161,71,231,62,83,52,36,95,393
68,937,175,53,122,158,98,216,92,77,3,53,561
72,988,93,72,21,37,126,99,80,27,30,54,295
74,661,108,0,108,40,208,16,53,31,24,82,256
68,1027,130,66,64,40,104,68,49,38,4,44,366
66,954,129,74,55,67,98,80,91,22,3,62,399
72,839,89,0,89,34,256,37,61,28,32,102,212
73,692,104,15,89,32,149,62,44,23,30,71,255
75,774,128,0,128,58,191,17,53,16,32,102,314
71,786,114,35,79,37,95,65,63,56,17,64,300
71,647,161,2,159,121,147,15,57,27,15,84,445
66,976,111,31,80,64,188,92,56,46,5,51,317
73,717,104,1,103,51,186,26,61,7,48,72,260
75,959,228,0,228,112,299,66,75,53,28,78,568
70,1029,144,15,129,58,117,86,49,26,10,40,361
73,636,55,15,40,30,224,57,43,18,20,75,155
67,1060,231,38,193,132,111,77,118,50,2,79,632
75,644,92,0,92,20,208,25,65,28,30,77,204
66,962,140,22,118,41,153,122,86,40,9,35,343
68,1055,161,47,114,46,57,67,55,28,3,56,415
68,1054,160,44,116,54,99,125,65,34,1,62,418
71,694,77,20,57,51,84,35,61,58,6,61,225
68,720,80,14,66,76,134,111,50,45,5,53,250
73,415,74,0,74,32,92,21,49,36,31,74,180
73,798,99,1,98,49,198,41,75,26,76,75,248
67,1075,237,56,181,140,250,163,72,64,8,53,670
71,974,143,72,71,51,128,62,67,26,14,70,409
70,628,91,61,30,10,73,31,38,47,3,35,253
74,610,122,10,112,77,127,23,92,25,28,94,331
68,855,78,0,78,53,151,80,78,76,10,52,209
70,1005,110,39,71,39,148,134,89,31,29,56,298
67,818,141,30,111,102,118,99,109,88,7,95,414
67,830,114,40,74,92,136,70,68,69,8,73,360
73,782,95,0,95,49,147,56,66,9,31,89,239
75,906,169,3,166,96,273,36,66,35,53,69,437
67,991,95,22,73,59,112,78,71,51,6,55,271
67,766,93,0,93,32,68,108,78,62,2,70,218
70,1005,78,30,48,19,139,108,38,49,21,63,205
69,889,90,15,75,113,162,105,92,53,18,83,308
69,881,143,51,92,62,104,67,59,74,5,89,399
73,850,191,2,189,105,274,45,61,45,36,81,489
73,1028,188,12,176,102,132,79,61,23,20,63,490
74,757,194,0,194,90,282,48,60,33,33,63,478
70,963,121,62,59,30,131,98,49,28,5,36,334
73,839,172,1,171,100,239,20,54,38,13,66,445
78,327,37,0,37,20,73,9,33,5,51,49,94
73,985,172,35,137,116,164,81,64,30,38,79,495
74,926,177,24,153,59,205,150,76,62,18,62,437
72,815,115,38,77,47,159,35,64,52,8,72,315
73,744,135,0,135,52,178,12,36,16,30,52,322
70,837,83,17,66,29,136,82,71,50,5,59,212
75,932,161,69,92,79,146,66,69,30,29,53,470
74,614,101,0,101,66,131,17,48,13,40,72,268
72,749,77,0,77,74,203,35,71,41,21,80,228
67,1042,101,48,53,48,116,64,57,48,11,90,298
69,999,143,56,87,57,178,164,81,72,13,50,399
70,892,169,65,104,45,130,41,49,21,14,74,448
66,980,166,41,125,74,119,78,61,68,11,53,447
69,940,117,23,94,127,152,101,71,40,5,62,384
72,778,141,39,102,82,224,36,49,47,17,77,403
76,685,113,0,113,24,153,19,44,32,58,121,250
69,960,121,28,93,41,126,120,55,80,17,53,311
74,809,106,0,106,54,255,27,70,34,41,89,266
75,803,65,45,20,8,187,28,16,16,9,36,183
63,788,149,34,115,72,77,47,50,25,1,73,404
73,883,95,60,35,39,98,49,44,32,18,66,289
74,894,171,3,168,101,197,99,88,24,27,85,446
69,770,68,11,57,24,247,32,34,25,2,33,171
69,1087,268,47,221,114,144,115,73,57,18,72,697
66,764,162,47,115,74,80,97,38,30,0,24,445
73,639,89,9,80,17,190,43,41,19,27,40,204
72,977,245,66,179,115,146,120,47,67,38,55,671
74,933,174,28,146,63,287,72,104,23,23,71,439
73,1000,144,30,114,54,120,168,91,39,23,48,372
69,822,119,71,48,23,81,111,47,24,6,17,332
71,804,146,0,146,104,217,34,66,39,16,90,396
71,848,127,54,73,76,123,71,90,35,9,94,384
73,923,135,2,133,101,194,102,70,26,20,63,373
68,601,31,17,14,46,107,46,30,47,14,47,125
74,871,179,18,161,69,267,22,64,51,21,78,445
73,656,47,1,46,4,94,26,42,20,36,50,99
70,946,123,60,63,58,61,45,64,20,7,33,364
69,724,119,7,112,67,117,77,62,63,8,56,312
68,817,122,16,106,38,132,52,66,93,1,66,298
68,1069,115,28,87,103,81,119,111,26,0,73,361
69,838,109,61,48,108,127,39,53,25,2,62,387
74,844,102,1,101,79,232,37,81,40,22,89,284
75,1021,131,53,78,78,233,54,73,34,14,56,393
67,998,142,26,116,116,104,111,76,42,7,65,426
67,926,87,34,53,25,146,120,58,30,8,55,233
67,989,193,41,152,95,73,84,60,41,15,52,522
70,823,76,58,18,26,107,21,32,24,19,59,236
66,726,105,17,88,32,106,61,72,60,1,50,259
76,340,69,1,68,34,100,29,37,8,34,45,173
75,603,101,0,101,47,198,17,53,36,34,116,249
75,589,92,0,92,50,215,34,53,32,24,77,234
72,942,106,33,73,77,121,54,64,46,5,51,322
71,774,106,12,94,113,195,43,93,35,5,86,337
74,454,51,0,51,15,141,5,37,15,23,58,117
68,857,158,6,152,86,192,77,85,29,9,58,408
69,970,106,67,39,18,92,62,35,74,20,53,297
70,857,137,22,115,71,142,44,62,47,8,76,367
74,689,101,38,63,53,140,38,39,30,24,40,293
77,446,51,0,51,32,156,19,39,30,36,58,134
74,764,157,3,154,116,210,19,63,23,23,87,433
70,923,180,38,142,96,90,51,60,48,3,55,494
68,682,59,7,52,16,42,83,68,36,2,47,141
71,874,154,94,60,83,122,72,66,29,7,66,485
72,675,26,0,26,10,193,19,38,46,14,59,62
67,901,121,48,73,33,93,49,55,49,3,40,323
68,634,80,0,80,26,139,24,53,67,7,58,186
71,1014,136,47,89,43,87,65,44,32,18,44,362
67,1033,129,49,80,110,87,69,59,49,0,45,417
64,982,136,41,95,112,112,122,95,75,0,75,425
71,1007,106,71,35,28,118,75,63,19,12,55,311
74,842,112,9,103,94,165,78,75,22,26,44,327
70,1011,159,52,107,137,153,41,61,74,2,48,507
66,929,132,60,72,44,85,110,65,23,2,71,368
69,730,151,52,99,88,65,29,68,12,2,39,442
65,1008,149,76,73,121,99,29,54,32,6,44,495
72,1171,119,35,84,28,118,117,45,103,28,37,301
71,984,158,35,123,90,268,42,61,30,20,94,441
78,883,183,1,182,99,302,45,61,19,71,57,466
75,736,117,0,117,43,180,17,49,16,44,83,277
67,667,67,4,63,41,88,75,53,54,6,71,179
66,940,203,47,156,141,113,100,81,47,3,61,594
71,737,100,25,75,75,104,73,87,45,11,72,300
73,863,158,11,147,135,258,46,105,50,16,96,462
69,878,110,43,67,57,91,80,65,69,2,58,320
67,740,70,17,53,41,85,78,57,83,4,62,198
67,909,109,23,86,69,113,93,69,35,4,51,310
73,916,175,23,152,77,219,41,62,58,22,67,450
65,1003,154,88,66,27,57,52,44,29,3,32,423
69,888,123,59,64,35,81,43,49,41,5,61,340
66,742,92,53,39,45,113,73,66,45,2,54,282
75,397,43,0,43,10,73,9,43,9,40,72,96
73,750,91,4,87,30,212,50,56,20,11,63,216
73,886,154,60,94,74,172,53,57,17,14,88,442
71,498,61,0,61,5,97,26,24,37,37,69,127
75,853,181,1,180,171,233,50,77,24,26,82,534
71,767,84,6,78,38,130,54,53,50,12,92,212
75,922,199,19,180,87,342,38,57,23,11,77,504
72,929,140,16,124,85,209,61,99,36,9,60,381
68,947,136,71,65,27,77,33,48,24,4,58,370
74,713,80,17,63,48,159,29,52,37,31,85,225
74,833,90,28,62,32,186,34,46,23,29,61,240
62,1046,231,55,176,137,115,211,71,36,4,34,654
66,834,134,30,104,98,147,97,67,55,15,56,396
71,923,157,66,91,40,138,55,65,29,18,59,420
74,662,87,1,86,31,187,26,75,21,20,48,206
70,1058,190,9,181,117,345,145,84,44,25,91,506
66,1135,176,52,124,120,131,150,70,41,4,59,524
72,854,124,24,100,85,223,53,84,39,5,66,357
68,1003,196,31,165,104,182,86,99,89,5,96,527
68,732,83,1,82,53,189,50,55,48,8,78,220
67,859,102,16,86,43,103,68,71,88,5,87,263
75,746,133,4,129,38,219,21,57,20,43,87,308
67,810,104,13,91,97,89,93,77,44,4,75,318
74,1028,126,64,62,70,135,82,65,21,83,58,386
71,1073,160,44,116,60,201,66,56,43,21,62,424
67,906,84,2,82,66,112,130,76,39,3,71,236
73,871,121,28,93,71,227,28,84,17,20,88,341
73,1047,165,3,162,52,289,112,88,53,40,105,385
73,867,96,8,88,37,166,83,62,29,31,58,237
69,924,197,31,166,111,138,89,123,46,2,67,542
65,878,43,23,20,24,57,119,76,11,3,55,133
69,1073,173,88,85,54,92,58,86,54,6,46,488
72,886,135,33,102,72,128,82,91,52,11,62,375
66,535,96,22,74,24,57,48,50,50,3,37,238
71,978,120,55,65,36,227,49,49,36,36,93,331
74,682,68,20,48,23,149,20,28,12,35,48,179
67,824,146,25,121,123,114,156,104,54,3,66,440
70,864,119,3,116,95,226,28,43,42,2,54,336
75,658,93,13,80,29,157,41,60,38,31,59,228
67,801,50,14,36,36,107,99,81,74,15,78,150
73,981,191,0,191,105,346,51,82,47,18,93,487
73,769,129,39,90,73,111,58,50,37,15,50,370
72,972,150,44,106,110,127,48,47,44,13,62,454
69,573,116,9,107,60,143,48,54,82,12,81,301
66,782,147,35,112,77,85,107,85,39,0,58,406
74,467,83,1,82,105,149,41,57,17,21,79,272
73,835,93,8,85,68,250,43,41,35,5,51,262
73,590,70,0,70,33,116,20,45,34,39,74,173
72,869,153,14,139,102,196,66,77,35,17,78,422
68,915,122,69,53,48,99,69,63,32,7,62,361
70,760,78,35,43,44,81,97,82,34,8,47,235
71,634,106,7,99,97,166,14,36,40,31,67,316
77,707,165,0,165,43,221,34,62,21,73,75,373
74,759,23,9,14,33,217,44,42,15,47,71,88
69,746,153,35,118,81,85,57,65,64,5,60,422
75,714,72,0,72,39,229,9,25,25,30,64,183
73,1023,210,11,199,93,321,57,58,83,41,73,524
67,1118,201,71,130,76,66,40,51,23,6,49,549
76,405,60,5,55,27,84,13,30,9,34,29,152
77,481,54,0,54,33,94,21,39,15,42,45,141
73,629,147,3,144,48,172,24,63,24,41,100,345
75,814,238,2,236,101,200,41,74,26,41,67,579
64,925,111,21,90,103,82,132,67,69,0,57,346
67,824,129,64,65,17,136,56,72,51,1,63,339
76,573,44,8,36,9,95,31,32,12,66,56,105
73,831,133,50,83,47,171,117,73,35,28,69,363
71,870,101,0,101,81,318,28,95,39,14,84,283
68,933,131,60,71,49,53,69,93,32,3,59,371
70,1050,114,65,49,39,131,68,53,69,9,43,332
69,1022,182,15,167,121,220,165,124,54,9,69,500
71,1062,144,81,63,56,106,76,73,23,6,75,425
69,928,168,19,149,67,96,136,71,32,10,55,422
68,995,47,32,15,17,57,186,64,36,1,48,143
66,895,139,55,84,43,122,105,110,36,5,60,376
76,771,111,0,111,54,275,40,35,28,58,62,276
73,957,103,57,46,34,170,45,38,18,5,70,297
66,749,61,5,56,32,88,114,60,46,4,58,159
70,857,76,6,70,76,186,182,99,81,5,70,234
73,815,108,58,50,26,140,34,46,19,19,51,300
66,1047,103,56,47,36,96,67,82,51,3,68,298
73,779,248,1,247,82,240,63,52,44,29,71,579
68,1115,165,32,133,157,123,101,77,44,9,78,519
72,913,190,52,138,106,129,57,50,40,14,43,538
67,514,38,10,28,7,87,60,46,59,1,71,93
72,858,132,1,131,33,135,59,63,24,25,63,298
65,1054,149,26,123,114,165,170,83,50,2,54,440
74,960,116,65,51,12,109,27,42,22,21,50,309
73,837,143,24,119,74,207,37,95,37,14,99,384
69,903,172,17,155,83,123,74,110,42,10,52,444
67,1096,191,50,141,154,101,150,136,60,7,74,586
